68794210,Metro,Geo
68794211,Town Car,Lincoln
68794212,Monaco,Dodge
68794213,Yukon XL,GMC
68794214,Continental,Lincoln
68794215,Legacy,Subaru
68794216,Solara,Toyota
68794217,XJ Series,Jaguar
68794218,9-3,Saab
68794219,300M,Chrysler
68794220,Roadster,Tesla
68794221,3500 Club Coupe,GMC
68794222,MDX,Acura
68794223,Trans Sport,Pontiac
68794224,Equus,Hyundai
68794225,Eldorado,Cadillac
68794226,Mustang,Ford
68794227,Vandura 1500,GMC
68794228,Tempest,Pontiac
68794229,CL,Acura
68794230,Seville,Cadillac
68794231,F250,Ford
68794232,9-3,Saab
68794233,Samurai,Suzuki
68794234,Bonneville,Pontiac
68794235,Prius c,Toyota
68794236,Defender 90,Land Rover
68794237,GT-R,Nissan
68794238,Regal,Buick
68794239,A8,Audi
68794240,5000S,Audi
68794241,TSX,Acura
68794242,Colt Vista,Plymouth
68794243,GTO,Mitsubishi
68794244,LeMans,Pontiac
68794245,Escalade EXT,Cadillac
68794246,Century,Buick
68794247,S4,Audi
68794248,Expedition,Ford
68794249,Voyager,Chrysler
68794250,Z4,BMW
68794251,PT Cruiser,Chrysler
68794252,Camry Solara,Toyota
68794253,Fleetwood,Cadillac
68794254,5 Series,BMW
68794255,Tempo,Ford
68794256,98,Oldsmobile
68794257,M3,BMW
68794258,Skylark,Buick
68794259,Corolla,Toyota
68794260,Grand Caravan,Dodge
68794261,Yukon XL 1500,GMC
68794262,Z4,BMW
68794263,Impreza,Subaru
68794264,MKZ,Lincoln
68794265,C8 Spyder,Spyker
68794266,Explorer Sport Trac,Ford
68794267,Titan,Nissan
68794268,Esprit,Lotus
68794269,Tahoe,Chevrolet
68794270,G-Series G10,Chevrolet
68794271,LeMans,Pontiac
68794272,3500,Chevrolet
68794273,RVR,Mitsubishi
68794274,Impreza,Subaru
68794275,Reno,Suzuki
68794276,Grand Caravan,Dodge
68794277,Aerostar,Ford
68794278,Altima,Nissan
68794279,Continental,Lincoln
68794280,C70,Volvo
68794281,Mazdaspeed 3,Mazda
68794282,Caravan,Dodge
68794283,88,Oldsmobile
68794284,Vandura G3500,GMC
68794285,Highlander,Toyota
68794286,LeBaron,Chrysler
68794287,928,Porsche
68794288,GX,Lexus
68794289,Mazda3,Mazda
68794290,3500 Club Coupe,GMC
68794291,Impala,Chevrolet
68794292,Concorde,Chrysler
68794293,E150,Ford
68794294,S10,Chevrolet
68794295,RX-7,Mazda
68794296,B-Series Plus,Mazda
68794297,Ram 1500,Dodge
68794298,Murano,Nissan
68794299,Gemini,Pontiac
68794300,Cougar,Mercury
68794301,Impreza,Subaru
68794302,Prelude,Honda
68794303,Viper,Dodge
68794304,V8,Audi
68794305,RX-7,Mazda
68794306,GS,Lexus
68794307,LR2,Land Rover
68794308,G,Infiniti
68794309,Forester,Subaru
68794310,Savana 3500,GMC
68794311,430,Maserati
68794312,E350,Ford
68794313,Prelude,Honda
68794314,M3,BMW
68794315,Ghost,Rolls-Royce
68794316,Galant,Mitsubishi
68794317,H1,Hummer
68794318,Riviera,Buick
68794319,Sentra,Nissan
68794320,Maxima,Nissan
68794321,Sorento,Kia
68794322,Somerset,Buick
68794323,Ascender,Isuzu
68794324,323,Mazda
68794325,Equinox,Chevrolet
68794326,Galant,Mitsubishi
68794327,Catera,Cadillac
68794328,612 Scaglietti,Ferrari
68794329,IS,Lexus
68794330,Q,Infiniti
68794331,Cirrus,Chrysler
68794332,CL-Class,Mercedes-Benz
68794333,Aurora,Oldsmobile
68794334,Sigma,Mitsubishi
68794335,Mazda6,Mazda
68794336,Excel,Hyundai
68794337,Silverado 3500,Chevrolet
68794338,Grand Marquis,Mercury
68794339,Sunbird,Pontiac
68794340,Grand Marquis,Mercury
68794341,Miata MX-5,Mazda
68794342,Lumina,Chevrolet
68794343,Grand Marquis,Mercury
68794344,Aztek,Pontiac
68794345,DBS,Aston Martin
68794346,Blazer,Chevrolet
68794347,PT Cruiser,Chrysler
68794348,Borrego,Kia
68794349,Coupe,Maserati
68794350,Pajero,Mitsubishi
68794351,Grand Prix,Pontiac
68794352,V90,Volvo
68794353,RX,Lexus
68794354,929,Mazda
68794355,EX,Infiniti
68794356,A6,Audi
68794357,Impreza,Subaru
68794358,CL,Acura
68794359,Taurus,Ford
68794360,2500,GMC
68794361,Yukon XL 2500,GMC
68794362,Liberty,Jeep
68794363,Panamera,Porsche
68794364,Continental Flying Spur,Bentley
68794365,Durango,Dodge
68794366,Torrent,Pontiac
68794367,IS-F,Lexus
68794368,Boxster,Porsche
68794369,Challenger,Dodge
68794370,L300,Mitsubishi
68794371,Discovery,Land Rover
68794372,FJ Cruiser,Toyota
68794373,XJ Series,Jaguar
68794374,RL,Acura
68794375,Relay,Saturn
68794376,911,Porsche
68794377,HHR,Chevrolet
68794378,90,Audi
68794379,928,Porsche
68794380,S-Class,Mercedes-Benz
68794381,Aurora,Oldsmobile
68794382,RAV4,Toyota
68794383,Quattro,Audi
68794384,Lightning,Ford
68794385,Escape,Ford
68794386,1500 Club Coupe,GMC
68794387,Festiva,Ford
68794388,S-Type,Jaguar
68794389,Elantra,Hyundai
68794390,F250,Ford
68794391,Mirage,Mitsubishi
68794392,Eclipse,Mitsubishi
68794393,S-Series,Saturn
68794394,5 Series,BMW
68794395,CLK-Class,Mercedes-Benz
68794396,Precis,Mitsubishi
68794397,88,Oldsmobile
68794398,MKZ,Lincoln
68794399,Seville,Cadillac
68794400,RX,Lexus
68794401,Sidekick,Suzuki
68794402,tC,Scion
68794403,911,Porsche
68794404,Silverado 1500,Chevrolet
68794405,Mustang,Ford
68794406,350Z Roadster,Nissan
68794407,Escalade ESV,Cadillac
68794408,Bronco II,Ford
68794409,Taurus,Ford
68794410,Express 3500,Chevrolet
68794411,Vibe,Pontiac
68794412,Montero Sport,Mitsubishi
68794413,Fit,Honda
68794414,Frontier,Nissan
68794415,Quest,Nissan
68794416,Panamera,Porsche
68794417,Space,Isuzu
68794418,Metro,Geo
68794419,DTS,Cadillac
68794420,Panamera,Porsche
68794421,Ranger,Ford
68794422,Golf,Volkswagen
68794423,H1,Hummer
68794424,H2,Hummer
68794425,Eclipse,Mitsubishi
68794426,Seville,Cadillac
68794427,Tracer,Mercury
68794428,Land Cruiser,Toyota
68794429,Mariner,Mercury
68794430,Murano,Nissan
68794431,Brougham,Cadillac
68794432,850,Volvo
68794433,2e,Aptera
68794434,Armada,Nissan
68794435,2500,GMC
68794436,Odyssey,Honda
68794437,Rally Wagon 3500,GMC
68794438,CTS,Cadillac
68794439,Rondo,Kia
68794440,Charger,Dodge
68794441,Rio,Kia
68794442,Familia,Mazda
68794443,Ram Van 1500,Dodge
68794444,Grand Caravan,Dodge
68794445,4Runner,Toyota
68794446,Accord,Honda
68794447,G25,Infiniti
68794448,S-Class,Mercedes-Benz
68794449,J,Infiniti
68794450,Ranger,Ford
68794451,1500,Chevrolet
68794452,Boxster,Porsche
68794453,Bonneville,Pontiac
68794454,TL,Acura
68794455,Spectra5,Kia
68794456,IS,Lexus
68794457,GT-R,Nissan
68794458,Eurovan,Volkswagen
68794459,Space,Isuzu
68794460,E150,Ford
68794461,Tempo,Ford
68794462,Escalade EXT,Cadillac
68794463,7 Series,BMW
68794464,Golf,Volkswagen
68794465,Caravan,Dodge
68794466,LS Hybrid,Lexus
68794467,Legend,Acura
68794468,Aveo,Chevrolet
68794469,STS,Cadillac
68794470,Riviera,Buick
68794471,Camaro,Chevrolet
68794472,Passat,Volkswagen
68794473,57,Maybach
68794474,Charger,Dodge
68794475,CL-Class,Mercedes-Benz
68794476,Celica,Toyota
68794477,Club Wagon,Ford
68794478,FR-S,Scion
68794479,Pajero,Mitsubishi
68794480,Sienna,Toyota
68794481,A3,Audi
68794482,Cabriolet,Volkswagen
68794483,tC,Scion
68794484,Savana,GMC
68794485,S2000,Honda
68794486,Virage,Aston Martin
68794487,Discovery Series II,Land Rover
68794488,911,Porsche
68794489,Range Rover,Land Rover
68794490,Previa,Toyota
68794491,944,Porsche
68794492,Cube,Nissan
68794493,Arnage,Bentley
68794494,Fortwo,Smart
68794495,RAV4,Toyota
68794496,XLR-V,Cadillac
68794497,3500,GMC
68794498,Express 2500,Chevrolet
68794499,RL,Acura
68794500,CL-Class,Mercedes-Benz
68794501,Titan,Nissan
68794502,Taurus,Ford
68794503,Grand Prix,Pontiac
68794504,B-Series,Mazda
68794505,Mazda5,Mazda
68794506,Diamante,Mitsubishi
68794507,Riviera,Buick
68794508,B9 Tribeca,Subaru
68794509,H3T,Hummer
68794510,62,Maybach
68794511,Miata MX-5,Mazda
68794512,Gallardo,Lamborghini
68794513,Park Avenue,Buick
68794514,Ram 1500,Dodge
68794515,Boxster,Porsche
68794516,Envoy XL,GMC
68794517,F150,Ford
68794518,911,Porsche
68794519,Malibu,Chevrolet
68794520,Aerostar,Ford
68794521,M-Class,Mercedes-Benz
68794522,Azure,Bentley
68794523,E-Series,Ford
68794524,Cutlass Supreme,Oldsmobile
68794525,Corolla,Toyota
68794526,Galant,Mitsubishi
68794527,4Runner,Toyota
68794528,MR2,Toyota
68794529,Cougar,Mercury
68794530,Civic,Honda
68794531,Aurora,Oldsmobile
68794532,Camry,Toyota
68794533,Forester,Subaru
68794534,S4,Audi
68794535,DB9,Aston Martin
68794536,Sierra 1500,GMC
68794537,Grand Marquis,Mercury
68794538,Town & Country,Chrysler
68794539,EX,Infiniti
68794540,Firebird,Pontiac
68794541,Touareg,Volkswagen
68794542,Sunbird,Pontiac
68794543,Firebird,Pontiac
68794544,Q5,Audi
68794545,Camry,Toyota
68794546,Mirage,Mitsubishi
68794547,SC,Lexus
68794548,Rally Wagon G3500,GMC
68794549,Ram 1500 Club,Dodge
68794550,3 Series,BMW
68794551,Sportvan G30,Chevrolet
68794552,Echo,Toyota
68794553,Leone,Subaru
68794554,Z3,BMW
68794555,Ram Van 3500,Dodge
68794556,Versa,Nissan
68794557,G-Class,Mercedes-Benz
68794558,3000GT,Mitsubishi
68794559,Ranger,Ford
68794560,Accord,Honda
68794561,Caravan,Dodge
68794562,Escort,Ford
68794563,Continental,Bentley
68794564,Highlander,Toyota
68794565,200,Audi
68794566,M,Infiniti
68794567,X5,BMW
68794568,Sentra,Nissan
68794569,F-Series,Ford
68794570,Beretta,Chevrolet
68794571,Caravan,Dodge
68794572,Touareg,Volkswagen
68794573,Pathfinder,Nissan
68794574,Elise,Lotus
68794575,Sonata,Hyundai
68794576,626,Mazda
68794577,BRZ,Subaru
68794578,Regal,Buick
68794579,911,Porsche
68794580,MKZ,Lincoln
68794581,Altima,Nissan
68794582,Sequoia,Toyota
68794583,Space,Isuzu
68794584,Type-1h,Aptera
68794585,Cayman,Porsche
68794586,E150,Ford
68794587,Cougar,Mercury
68794588,G-Class,Mercedes-Benz
68794589,Prelude,Honda
68794590,Eldorado,Cadillac
68794591,EX,Infiniti
68794592,Pajero,Mitsubishi
68794593,Fit,Honda
68794594,A6,Audi
68794595,400E,Mercedes-Benz
68794596,Savana 2500,GMC
68794597,928,Porsche
68794598,RX,Lexus
68794599,Sebring,Chrysler
68794600,Vitara,Suzuki
68794601,C70,Volvo
68794602,R8,Audi
68794603,Santa Fe,Hyundai
68794604,TrailBlazer,Chevrolet
68794605,XG350,Hyundai
68794606,W126,Mercedes-Benz
68794607,IS,Lexus
68794608,Aerostar,Ford
68794609,Grand Marquis,Mercury
68794610,Prelude,Honda
68794611,2500 Club Coupe,GMC
68794612,929,Mazda
68794613,Camry Hybrid,Toyota
68794614,Pathfinder,Nissan
68794615,S10,Chevrolet
68794616,Sunfire,Pontiac
68794617,iQ,Scion
68794618,Spectra,Kia
68794619,Ram 2500 Club,Dodge
68794620,240,Volvo
68794621,S-Series,Saturn
68794622,GX,Lexus
68794623,G-Series 1500,Chevrolet
68794624,Torrent,Pontiac
68794625,Caliber,Dodge
68794626,Range Rover,Land Rover
68794627,Civic,Honda
68794628,Eldorado,Cadillac
68794629,Grand Cherokee,Jeep
68794630,Metro,Chevrolet
68794631,Rogue,Nissan
68794632,Ram Van B150,Dodge
68794633,C-Class,Mercedes-Benz
68794634,Insight,Honda
68794635,Durango,Dodge
68794636,E250,Ford
68794637,Grand Prix,Pontiac
68794638,Cabriolet,Audi
68794639,LeSabre,Buick
68794640,Impala SS,Chevrolet
68794641,1000,Pontiac
68794642,xD,Scion
68794643,Quattroporte,Maserati
68794644,F430,Ferrari
68794645,G35,Infiniti
68794646,SC,Lexus
68794647,Sierra 1500,GMC
68794648,Firebird,Pontiac
68794649,G-Series 2500,Chevrolet
68794650,H1,Hummer
68794651,Bronco II,Ford
68794652,Mustang,Ford
68794653,Topaz,Mercury
68794654,Exige,Lotus
68794655,Safari,GMC
68794656,Taurus,Ford
68794657,Skylark,Buick
68794658,Grand Prix,Pontiac
68794659,F450,Ford
68794660,2500 Club Coupe,GMC
68794661,5 Series,BMW
68794662,Mirage,Mitsubishi
68794663,Sunbird,Pontiac
68794664,RSX,Acura
68794665,TL,Acura
68794666,X5,BMW
68794667,R32,Volkswagen
68794668,Ion,Saturn
68794669,Safari,Pontiac
68794670,SSR,Chevrolet
68794671,Truck,Mitsubishi
68794672,Prelude,Honda
68794673,R8,Audi
68794674,Explorer,Ford
68794675,Pathfinder,Nissan
68794676,Diablo,Lamborghini
68794677,LS,Lexus
68794678,X5,BMW
68794679,Corolla,Toyota
68794680,RL,Acura
68794681,Millenia,Mazda
68794682,SRX,Cadillac
68794683,Camaro,Chevrolet
68794684,Sunfire,Pontiac
68794685,E150,Ford
68794686,Monte Carlo,Chevrolet
68794687,Mighty Max Macro,Mitsubishi
68794688,STS-V,Cadillac
68794689,EX,Infiniti
68794690,Land Cruiser,Toyota
68794691,Camaro,Chevrolet
68794692,Ram Van 2500,Dodge
68794693,Outlander,Mitsubishi
68794694,Camaro,Chevrolet
68794695,Cordia,Mitsubishi
68794696,Intrepid,Dodge
68794697,XK Series,Jaguar
68794698,E250,Ford
68794699,C-Class,Mercedes-Benz
68794700,164,Alfa Romeo
68794701,Vanagon,Volkswagen
68794702,Previa,Toyota
68794703,Cube,Nissan
68794704,Tiburon,Hyundai
68794705,V70,Volvo
68794706,Vibe,Pontiac
68794707,Acadia,GMC
68794708,Yukon XL 2500,GMC
68794709,Galant,Mitsubishi
68794710,Expedition EL,Ford
68794711,Liberty,Jeep
68794712,Jetta,Volkswagen
68794713,Civic,Honda
68794714,Park Avenue,Buick
68794715,Protege,Mazda
68794716,Grand Vitara,Suzuki
68794717,XL-7,Suzuki
68794718,599 GTB Fiorano,Ferrari
68794719,Land Cruiser,Toyota
68794720,Topaz,Mercury
68794721,Mazdaspeed6,Mazda
68794722,Cirrus,Chrysler
68794723,Cabriolet,Volkswagen
68794724,Eurovan,Volkswagen
68794725,Tredia,Mitsubishi
68794726,E150,Ford
68794727,Rio,Kia
68794728,SC,Lexus
68794729,Impreza,Subaru
68794730,Accord,Honda
68794731,Solara,Toyota
68794732,Express 3500,Chevrolet
68794733,Crown Victoria,Ford
68794734,Silverado 2500,Chevrolet
68794735,Tacoma,Toyota
68794736,Corvette,Chevrolet
68794737,L-Series,Saturn
68794738,LS,Lexus
68794739,M-Class,Mercedes-Benz
68794740,Golf,Volkswagen
68794741,GX,Lexus
68794742,Challenger,Dodge
68794743,S8,Audi
68794744,Aerio,Suzuki
68794745,G-Class,Mercedes-Benz
68794746,Caliber,Dodge
68794747,Pathfinder,Nissan
68794748,Rio,Kia
68794749,Discovery,Land Rover
68794750,Tempest,Pontiac
68794751,Escort,Ford
68794752,Phantom,Rolls-Royce
68794753,Colt,Plymouth
68794754,XT,Subaru
68794755,Riviera,Buick
68794756,Ram Van B350,Dodge
68794757,Galaxie,Ford
68794758,Accent,Hyundai
68794759,911,Porsche
68794760,Countach,Lamborghini
68794761,Impulse,Isuzu
68794762,300SE,Mercedes-Benz
68794763,Grand Am,Pontiac
68794764,Forester,Subaru
68794765,T100 Xtra,Toyota
68794766,Tundra,Toyota
68794767,5 Series,BMW
68794768,Maxima,Nissan
68794769,Savana 3500,GMC
68794770,300M,Chrysler
68794771,SL65 AMG,Mercedes-Benz
68794772,Durango,Dodge
68794773,IPL G,Infiniti
68794774,Range Rover,Land Rover
68794775,Savana 3500,GMC
68794776,Sentra,Nissan
68794777,Crown Victoria,Ford
68794778,tC,Scion
68794779,Fairlane,Ford
68794780,Starion,Mitsubishi
68794781,Aspen,Chrysler
68794782,Grand Am,Pontiac
68794783,Grand Vitara,Suzuki
68794784,Sienna,Toyota
68794785,Park Avenue,Buick
68794786,Montero Sport,Mitsubishi
68794787,Sephia,Kia
68794788,Supra,Toyota
68794789,Envoy XL,GMC
68794790,Q,Infiniti
68794791,RX,Lexus
68794792,Viper RT/10,Dodge
68794793,Sunbird,Pontiac
68794794,Elantra,Hyundai
68794795,HHR Panel,Chevrolet
68794796,3500 Club Coupe,GMC
68794797,Grand Vitara,Suzuki
68794798,Sierra 3500,GMC
68794799,Esprit,Lotus
68794800,Impreza,Subaru
68794801,XF,Jaguar
68794802,Familia,Mazda
68794803,Daewoo Magnus,Suzuki
68794804,5 Series,BMW
68794805,PT Cruiser,Chrysler
68794806,Savana,GMC
68794807,SX4,Suzuki
68794808,Ciera,Oldsmobile
68794809,Sierra Denali,GMC
68794810,Supra,Toyota
68794811,Tercel,Toyota
68794812,Ranger,Ford
68794813,RX-8,Mazda
68794814,Focus,Ford
68794815,Passport,Honda
68794816,TrailBlazer,Chevrolet
68794817,Spirit,Dodge
68794818,Yukon XL 2500,GMC
68794819,Aveo,Chevrolet
68794820,645,BMW
68794821,Sierra 2500HD,GMC
68794822,Colorado,Chevrolet
68794823,Yukon XL 2500,GMC
68794824,RSX,Acura
68794825,Fox,Volkswagen
68794826,Mustang,Ford
68794827,Touareg,Volkswagen
68794828,1500,GMC
68794829,Grand Cherokee,Jeep
68794830,Ranger,Ford
68794831,Truck,Mitsubishi
68794832,Eclipse,Mitsubishi
68794833,6 Series,BMW
68794834,8 Series,BMW
68794835,Altima,Nissan
68794836,Grand Prix,Pontiac
68794837,Cooper Countryman,MINI
68794838,Diablo,Lamborghini
68794839,RL,Acura
68794840,1500,Chevrolet
68794841,Avalon,Toyota
68794842,Impreza,Subaru
68794843,Justy,Subaru
68794844,Allroad,Audi
68794845,Ram 2500 Club,Dodge
68794846,Caravan,Dodge
68794847,Envoy XL,GMC
68794848,Cherokee,Jeep
68794849,Jetta,Volkswagen
68794850,Accent,Hyundai
68794851,Tacoma,Toyota
68794852,Ram 2500,Dodge
68794853,Grand Caravan,Dodge
68794854,Avalon,Toyota
68794855,Expo LRV,Mitsubishi
68794856,Z4,BMW
68794857,Skylark,Buick
68794858,Montero,Mitsubishi
68794859,Accord,Honda
68794860,Swift,Suzuki
68794861,GTO,Mitsubishi
68794862,Mark VIII,Lincoln
68794863,Voyager,Plymouth
68794864,IS,Lexus
68794865,Camaro,Chevrolet
68794866,Ram 1500 Club,Dodge
68794867,Outlander,Mitsubishi
68794868,LTD Crown Victoria,Ford
68794869,Frontier,Nissan
68794870,Crown Victoria,Ford
68794871,Scirocco,Volkswagen
68794872,Acadia,GMC
68794873,Civic Si,Honda
68794874,Avalanche 2500,Chevrolet
68794875,FJ Cruiser,Toyota
68794876,Ascender,Isuzu
68794877,3500 Club Coupe,GMC
68794878,Talon,Eagle
68794879,New Beetle,Volkswagen
68794880,C30,Volvo
68794881,Prius Plug-in,Toyota
68794882,Savana 1500,GMC
68794883,Camry,Toyota
68794884,Passat,Volkswagen
68794885,Endeavor,Mitsubishi
68794886,Pathfinder,Nissan
68794887,Expedition EL,Ford
68794888,Explorer Sport Trac,Ford
68794889,Z4,BMW
68794890,Yukon XL 2500,GMC
68794891,CR-V,Honda
68794892,QX56,Infiniti
68794893,E250,Ford
68794894,Corvette,Chevrolet
68794895,Clubman,MINI
68794896,Neon,Dodge
68794897,L-Series,Saturn
68794898,Z4 M Roadster,BMW
68794899,Sonata,Hyundai
68794900,W201,Mercedes-Benz
68794901,Bonneville,Pontiac
68794902,Esprit,Lotus
68794903,S80,Volvo
68794904,Kizashi,Suzuki
68794905,Tundra,Toyota
68794906,Dakota,Dodge
68794907,Quest,Nissan
68794908,Crossfire,Chrysler
68794909,LSS,Oldsmobile
68794910,RX-7,Mazda
68794911,Express 3500,Chevrolet
68794912,Mark VIII,Lincoln
68794913,164,Alfa Romeo
68794914,Yukon,GMC
68794915,Tracer,Mercury
68794916,Mustang,Ford
68794917,Navigator,Lincoln
68794918,Rio,Kia
68794919,Sierra Denali,GMC
68794920,Cabriolet,Audi
68794921,F250,Ford
68794922,E-Series,Ford
68794923,Ion,Saturn
68794924,3 Series,BMW
68794925,E-Class,Mercedes-Benz
68794926,Uplander,Chevrolet
68794927,Tundra,Toyota
68794928,FX,Infiniti
68794929,V12 Vantage,Aston Martin
68794930,F-Series,Ford
68794931,Thunderbird,Ford
68794932,Chariot,Mitsubishi
68794933,xD,Scion
68794934,Marauder,Mercury
68794935,Canyon,GMC
68794936,Passport,Honda
68794937,Camry,Toyota
68794938,325,BMW
68794939,Yukon XL 1500,GMC
68794940,E-Class,Mercedes-Benz
68794941,Tundra,Toyota
68794942,Elantra,Hyundai
68794943,Galant,Mitsubishi
68794944,E-Series,Ford
68794945,Esprit,Lotus
68794946,E-Series,Ford
68794947,458 Italia,Ferrari
68794948,Eclipse,Mitsubishi
68794949,4000s,Audi
68794950,Coachbuilder,Buick
68794951,Type 2,Volkswagen
68794952,Sportage,Kia
68794953,Villager,Mercury
68794954,APV,Chevrolet
68794955,Azure,Bentley
68794956,Intrepid,Dodge
68794957,Concorde,Chrysler
68794958,Explorer Sport Trac,Ford
68794959,7 Series,BMW
68794960,Mazda6 5-Door,Mazda
68794961,Escalade EXT,Cadillac
68794962,Commander,Jeep
68794963,Bonneville,Pontiac
68794964,300ZX,Nissan
68794965,Patriot,Jeep
68794966,Escalade,Cadillac
68794967,A4,Audi
68794968,Golf,Volkswagen
68794969,Prizm,Geo
68794970,G-Series 1500,Chevrolet
68794971,Century,Buick
68794972,Avalanche,Chevrolet
68794973,LS,Lincoln
68794974,Bronco,Ford
68794975,Aero 8,Morgan
68794976,S-Series,Saturn
68794977,H2 SUV,Hummer
68794978,Marquis,Mercury
68794979,Lanos,Daewoo
68794980,Montero,Mitsubishi
68794981,Kizashi,Suzuki
68794982,Accent,Hyundai
68794983,Escalade,Cadillac
68794984,Regal,Buick
68794985,Grand Am,Pontiac
68794986,Rogue,Nissan
68794987,Xtra,Toyota
68794988,MX-3,Mazda
68794989,SLK-Class,Mercedes-Benz
68794990,Discovery,Land Rover
68794991,TT,Audi
68794992,Lumina,Chevrolet
68794993,E250,Ford
68794994,S-Class,Mercedes-Benz
68794995,Coachbuilder,Buick
68794996,Escalade ESV,Cadillac
68794997,Montana,Pontiac
68794998,Tacoma,Toyota
68794999,Grand Caravan,Dodge
68795000,Cooper,MINI
68795001,Safari,GMC
68795002,Bronco II,Ford
68795003,Explorer,Ford
68795004,Town & Country,Chrysler
68795005,SL-Class,Mercedes-Benz
68795006,Prius,Toyota
68795007,S6,Audi
68795008,MX-6,Mazda
68795009,Excel,Hyundai
68795010,Countach,Lamborghini
68795011,Premier,Eagle
68795012,del Sol,Honda
68795013,Mustang,Ford
68795014,Aztek,Pontiac
68795015,LeMans,Pontiac
68795016,Bonneville,Pontiac
68795017,Eclipse,Mitsubishi
68795018,SLR McLaren,Mercedes-Benz
68795019,Taurus,Ford
68795020,S2000,Honda
68795021,MKT,Lincoln
68795022,Sienna,Toyota
68795023,CR-V,Honda
68795024,Storm,Geo
68795025,Grand Vitara,Suzuki
68795026,LTD Crown Victoria,Ford
68795027,Corolla,Toyota
68795028,E-350 Super Duty,Ford
68795029,Wrangler,Jeep
68795030,Corvette,Chevrolet
68795031,Eldorado,Cadillac
68795032,Escalade EXT,Cadillac
68795033,Sonoma,GMC
68795034,Mustang,Ford
68795035,XK,Jaguar
68795036,tC,Scion
68795037,Crown Victoria,Ford
68795038,Camaro,Chevrolet
68795039,W201,Mercedes-Benz
68795040,Spirit,Dodge
68795041,Firebird,Pontiac
68795042,Scoupe,Hyundai
68795043,Electra,Buick
68795044,X3,BMW
68795045,Civic,Honda
68795046,Elise,Lotus
68795047,S60,Volvo
68795048,riolet,Audi
68795049,X-90,Suzuki
68795050,Grand Prix,Pontiac
68795051,F430,Ferrari
68795052,88,Oldsmobile
68795053,Ram Wagon B250,Dodge
68795054,Truck,Mitsubishi
68795055,Accord,Honda
68795056,Titan,Nissan
68795057,Starion,Mitsubishi
68795058,Mark VII,Lincoln
68795059,G-Series G30,Chevrolet
68795060,Carrera GT,Porsche
68795061,Murci√©lago,Lamborghini
68795062,Ram Van 3500,Dodge
68795063,Cavalier,Chevrolet
68795064,Thunderbird,Ford
68795065,Tundra,Mitsubishi
68795066,CTS,Cadillac
68795067,Suburban 1500,GMC
68795068,Caprice,Chevrolet
68795069,Econoline E350,Ford
68795070,Veracruz,Hyundai
68795071,Accent,Hyundai
68795072,Odyssey,Honda
68795073,HHR,Chevrolet
68795074,Cutlass,Oldsmobile
68795075,RX Hybrid,Lexus
68795076,Sentra,Nissan
68795077,Highlander Hybrid,Toyota
68795078,Express 3500,Chevrolet
68795079,Nitro,Dodge
68795080,TSX,Acura
68795081,Escalade,Cadillac
68795082,Loyale,Subaru
68795083,E-Series,Ford
68795084,Lumina,Chevrolet
68795085,Crown Victoria,Ford
68795086,Veloster,Hyundai
68795087,Acclaim,Plymouth
68795088,Town Car,Lincoln
68795089,Mirage,Mitsubishi
68795090,Alliance,Renault
68795091,Accord,Honda
68795092,rio,Volkswagen
68795093,Discovery,Land Rover
68795094,Lanos,Daewoo
68795095,B9 Tribeca,Subaru
68795096,200SX,Nissan
68795097,Leone,Subaru
68795098,Talon,Eagle
68795099,G-Series 1500,Chevrolet
68795100,S8,Audi
68795101,Charger,Dodge
68795102,Yukon,GMC
68795103,Viper,Dodge
68795104,Astra,Saturn
68795105,Sportage,Kia
68795106,Freelander,Land Rover
68795107,Celica,Toyota
68795108,VUE,Saturn
68795109,Monte Carlo,Chevrolet
68795110,XK,Jaguar
68795111,Spectra,Kia
68795112,Starion,Mitsubishi
68795113,RX-7,Mazda
68795114,C-Class,Mercedes-Benz
68795115,S10 Blazer,Chevrolet
68795116,3500,Chevrolet
68795117,Bonneville,Pontiac
68795118,Savana 2500,GMC
68795119,Sierra 1500,GMC
68795120,7 Series,BMW
68795121,Camry Hybrid,Toyota
68795122,Prizm,Geo
68795123,F350,Ford
68795124,B-Series Plus,Mazda
68795125,Ram 2500 Club,Dodge
68795126,Explorer,Ford
68795127,SL-Class,Mercedes-Benz
68795128,Grand Cherokee,Jeep
68795129,Starion,Mitsubishi
68795130,Challenger,Dodge
68795131,Villager,Mercury
68795132,240SX,Nissan
68795133,Highlander,Toyota
68795134,Dakota Club,Dodge
68795135,Concorde,Chrysler
68795136,California,Ferrari
68795137,Edge,Ford
68795138,Expedition,Ford
68795139,Sportvan G30,Chevrolet
68795140,G-Series G30,Chevrolet
68795141,Sierra 3500,GMC
68795142,Firebird,Pontiac
68795143,Suburban 2500,Chevrolet
68795144,350Z,Nissan
68795145,Pajero,Mitsubishi
68795146,Galant,Mitsubishi
68795147,SC,Lexus
68795148,Sienna,Toyota
68795149,Diablo,Lamborghini
68795150,SL-Class,Mercedes-Benz
68795151,Express 2500,Chevrolet
68795152,New Yorker,Chrysler
68795153,T100,Toyota
68795154,Express 2500,Chevrolet
68795155,Spider,Alfa Romeo
68795156,Jetta,Volkswagen
68795157,M,Infiniti
68795158,F350,Ford
68795159,MKX,Lincoln
68795160,Outlander Sport,Mitsubishi
68795161,Tiguan,Volkswagen
68795162,Grand Caravan,Dodge
68795163,LTD Crown Victoria,Ford
68795164,Mustang,Ford
68795165,Element,Honda
68795166,Ridgeline,Honda
68795167,Grand Vitara,Suzuki
68795168,Accent,Hyundai
68795169,Amigo,Isuzu
68795170,S60,Volvo
68795171,F450,Ford
68795172,B-Series,Mazda
68795173,LS,Lexus
68795174,Prius Plug-in,Toyota
68795175,Grand Marquis,Mercury
68795176,LS,Lexus
68795177,Viper,Dodge
68795178,MX-5,Mazda
68795179,1500 Club Coupe,GMC
68795180,Tribute,Mazda
68795181,Acadia,GMC
68795182,Savana 1500,GMC
68795183,Camaro,Chevrolet
68795184,IS,Lexus
68795185,Mini,Austin
68795186,G,Infiniti
68795187,Thunderbird,Ford
68795188,DB9,Aston Martin
68795189,Baja,Subaru
68795190,Grand Marquis,Mercury
68795191,Cube,Nissan
68795192,Lumina,Chevrolet
68795193,Tempo,Ford
68795194,Continental Mark VII,Lincoln
68795195,Town Car,Lincoln
68795196,Xtra,Toyota
68795197,V40,Volvo
68795198,M,Infiniti
68795199,Ram 2500 Club,Dodge
68795200,Passat,Volkswagen
68795201,Elantra,Hyundai
68795202,525,BMW
68795203,Aztek,Pontiac
68795204,Cougar,Mercury
68795205,CR-V,Honda
68795206,Impreza,Subaru
68795207,Tracer,Mercury
68795208,LX,Lexus
68795209,Legacy,Subaru
13,Prueba,add

